id;name;path
794608ac-bb11-4cd7-8594-47d78835e4d3;program Chief;vertical Global index
794f08d1-fc9f-4af7-8578-b87fb38338cf;experiences;Alabama HTTP
ea442e8a-3deb-439b-94d8-48c7b474979b;Dollar index best-of-breed;compress
18939f27-d2a4-4fc7-94da-f8fc334f358d;drive grey frame;Account navigate
fb21f4d2-97f1-43db-bb5d-fab34f536a00;Handcrafted;optimize redundant Zimbabwe
fdd229e5-02d9-469d-9fb1-c0ed78cfa854;Concrete Kids;SMS hacking
671d453d-136a-4123-9a72-e8916976ae5c;red Architect;gold
092c4306-5862-434a-bdac-4a277b391c62;infrastructures Chair cross-platform;applications
a922b1a5-9357-4020-b257-ef8dd4a27719;Regional seamless;function Metal
672e40dd-5213-41b5-8864-ba6f9b4231b8;Car;Dollar array
