id;name;label
0b851996-e7a6-4f40-b04b-4c1c32a745c8;driver Metrics indexing;strategize Metical interactive
3212ee9a-56a0-4cf1-849f-27e91d670306;Fantastic e-tailers;Movies
76d09bb4-b238-4998-b45e-e71e473c65fc;Bahraini;Fiji CSS action-items
e9ddf15b-d1a9-4c36-8db2-e0b87e3ac41c;Electronics;Bedfordshire
0dce4ba8-f536-492d-881b-9a31748194e4;Music Grass-roots;Branding interface
70051161-4f79-4e70-9c43-dca6402f0590;web-readiness;program
827ff610-55cd-426f-b63d-21c16b605917;Digitized copying Lucia;Concrete red Account
3cf02307-eae3-4613-9a3b-3742059dd9f5;port FTP bottom-line;Auto Riel B2C
7c0526a0-f135-46dc-b033-74069b2d305c;enable blue Future;Sleek
d44a7251-4534-4a2b-a30b-d751c99eaca5;Designer;Automotive
